Date,Price,Open,High,Low,Vol.,
12/29/2023,170,164.5,170,164.5,69.03K,
12/28/2023,166.5,167,167,166.5,2.03K,
12/27/2023,165,165.25,165.25,164,7.09K,
12/22/2023,165,166,168,164,259.08K,
12/21/2023,167,165,168,165,134.72K,
12/20/2023,165,164,165,163.25,48.94K,
12/19/2023,163.25,165.5,165.5,163.25,49.70K,
12/18/2023,164.75,167,167,164.75,67.70K,
12/15/2023,167,167.75,168.25,166,18.40K,
12/14/2023,168,168.5,169,165.25,13.81K,
12/13/2023,168.5,169,169,167.25,14.26K,
12/12/2023,168.5,169,169.75,168.25,47.49K,
12/11/2023,168.5,168.5,170,168.25,145.79K,
12/08/2023,168.75,168.5,170,168.5,99.74K,
12/07/2023,168.5,170,170,168.5,4.86K,
12/06/2023,170,169.25,170,169,23.72K,
12/05/2023,170,170,170,169,11.39K,
12/04/2023,170,170,172,169,161.59K,
12/01/2023,170,169.75,170,169,197.23K,
11/30/2023,167,165,167,163.5,290.54K,
11/29/2023,165,164,165.75,163.25,20.13K,
11/28/2023,163.75,165,165,163.75,17.91K,
11/27/2023,165,166,167,164,167.92K,
11/24/2023,166.25,170,170,166.25,7.75K,
11/23/2023,167.5,168.75,168.75,167.5,0.21K,
11/22/2023,167,169,169,167,4.57K,
11/21/2023,167.5,167.75,170,167.5,67.88K,
11/20/2023,168,168,168,167,3.77K,
11/17/2023,167.75,169,169,167.25,1.36K,
11/16/2023,168,169.75,169.75,168,53.40K,
11/15/2023,170,171,171,169,74.99K,
11/14/2023,170,170,175,169,152.78K,
11/13/2023,175,174.75,175,170,83.40K,
11/10/2023,167,169.75,174.5,166.5,275.58K,
11/09/2023,169.25,171,174.75,168.5,271.27K,
11/08/2023,170.5,167.25,175,167.25,216.10K,
11/07/2023,167,164.25,167,164,38.64K,
11/06/2023,167,162.5,169.75,162.5,13.49K,
11/03/2023,162,166,167.75,162,112.05K,
11/02/2023,165,165,167,165,61.63K,
11/01/2023,167.5,164.75,167.5,164.75,53.08K,
10/31/2023,163.75,167.5,167.5,163.5,15.57K,
10/30/2023,165,165,167.5,163,5.47K,
10/27/2023,165.5,160.5,165.5,160.5,2.53K,
10/26/2023,163,163.75,163.75,159,153.23K,
10/25/2023,164,165,165,164,1.25K,
10/24/2023,165,166.5,166.75,165,2.84K,
10/23/2023,167,168.5,168.5,166.25,20.74K,
10/20/2023,168.5,160.5,168.5,160.5,28.29K,
10/19/2023,162,161.75,162,161,21.97K,
10/18/2023,162,163,164.75,160.5,24.51K,
10/17/2023,165,164,165,163,4.66K,
10/16/2023,164,167,167,163,3.32K,
10/13/2023,163,165.75,167,163,3.76K,
10/12/2023,164,160.25,165,160.25,19.81K,
10/11/2023,161.75,165,165,160,21.21K,
10/10/2023,163.25,159.5,163.75,159.5,106.55K,
10/09/2023,163,163.25,163.25,158,71.78K,
10/06/2023,163,165,165,163,209.74K,
10/05/2023,167.5,167.75,167.75,165,6.19K,
10/04/2023,166.5,164,168,164,5.08K,
10/03/2023,164,168,169.75,164,53.62K,
10/02/2023,168.5,173.75,173.75,166.5,213.01K,
09/27/2023,172,170.75,173,168.5,21.43K,
09/26/2023,169.75,167.5,170,167.5,19.28K,
09/25/2023,169,170,171,169,49.40K,
09/22/2023,169.75,167,170,166,143.69K,
09/21/2023,168,169.25,170,168,210.62K,
09/20/2023,169.25,165,171,165,288.92K,
09/19/2023,170,175,175,169,189.02K,
09/18/2023,173,174.75,177,173,65.90K,
09/15/2023,174.75,178,178,174.75,22.54K,
09/14/2023,178,176,178.25,173,47.59K,
09/13/2023,176.25,174,178,173,15.58K,
09/12/2023,175,174,175,171,54.37K,
09/11/2023,175,178.75,178.75,174.5,12.53K,
09/08/2023,177.75,177.25,179,175.25,62.14K,
09/07/2023,177,177,180,176,189.98K,
09/06/2023,177,181,181,176.25,1.11M,
09/05/2023,181,173.75,181,173.75,305.72K,
09/04/2023,173.5,170,173.5,170,30.69K,
09/01/2023,170,169.75,170,166,961.44K,
08/31/2023,169.5,171.25,173.5,169,29.43K,
08/29/2023,172,173.75,173.75,171.25,47.73K,
08/28/2023,173.75,175.25,176,173.25,885.05K,
08/25/2023,175,174.75,176,174,464.48K,
08/24/2023,176,181.75,182,175,371.14K,
08/23/2023,181.75,175.5,182,175.5,145.17K,
08/22/2023,176,178.25,179,175.5,1.49M,
08/21/2023,175.5,182.25,185,175.5,120.89K,
08/18/2023,181.5,183,183,180,168.34K,
08/17/2023,182.75,183.5,185,182.75,473.10K,
08/16/2023,183.5,181.25,184,179.25,556.50K,
08/15/2023,182.25,188.75,189.5,182,23.30K,
08/14/2023,189.5,198,198,187.75,554.91K,
08/11/2023,199,199.5,199.5,197.25,147.08K,
08/10/2023,199,199,200,198.5,175.43K,
08/09/2023,197.25,200.75,200.75,196.75,13.34K,
08/08/2023,200.5,200.25,200.5,195,202.09K,
08/07/2023,200,200,201.75,198.75,95.31K,
08/04/2023,199,199.5,201.75,199,164.40K,
08/03/2023,199,195,203.5,194,1.76M,
08/02/2023,199,195,200,191.5,361.54K,
07/31/2023,192,192,195,191.5,158.84K,
07/28/2023,190,190,192.5,190,1.15M,
07/27/2023,190,175,190,175,314.82K,
07/26/2023,176.25,179,179,175.25,76.05K,
07/25/2023,178.5,176.5,179,176.5,53.13K,
07/24/2023,178.25,178,179,176.5,90.23K,
07/21/2023,178,178.75,181.75,176.25,138.14K,
07/20/2023,180,181,183,178,599.33K,
07/19/2023,180.75,180,182,178,539.85K,
07/18/2023,180,175,180,173,501.77K,
07/17/2023,175,175,176,172.5,514.16K,
07/14/2023,172.5,165,173,165,710.99K,
07/13/2023,165,161,166.25,159,375.74K,
07/12/2023,161,155,161,155,89.41K,
07/11/2023,155.75,155,156,155,76.37K,
07/10/2023,155,153,155.5,153,192.72K,
07/07/2023,155,153,155,152,24.22K,
07/06/2023,157.5,155,157.5,150,522.53K,
07/05/2023,155,159,159,155,211.57K,
07/04/2023,159.25,150,164.25,150,1.50M,
06/28/2023,140,136.25,141,136.25,696.10K,
06/27/2023,137.25,139.5,140,136,71.36K,
06/26/2023,139.75,135.25,139.75,133,92.45K,
06/23/2023,137,136,137.75,135.5,86.14K,
06/22/2023,136,136.25,136.5,135,20.18K,
06/21/2023,136,135.75,137,135.75,30.95K,
06/20/2023,135,130.25,137,130.25,41.32K,
06/19/2023,135,135,136,135,26.74K,
06/16/2023,137,136,137,135.5,246.89K,
06/15/2023,137,136,137.25,136,754.65K,
06/14/2023,135.25,132.5,135.5,131,544.65K,
06/13/2023,132.5,130.5,135,130.25,632.05K,
06/12/2023,130,124.25,130.5,124,72.04K,
06/09/2023,125.25,124,125.25,121.25,23.83K,
06/08/2023,125,120,125,120,42.71K,
06/07/2023,120,120,120.75,118.25,17.61K,
06/06/2023,120,121,121,120,23.42K,
06/05/2023,120,120,121,120,29.18K,
06/02/2023,120,122,122,118,342.27K,
06/01/2023,120,118.5,121,118.5,54.36K,
05/31/2023,118.5,118.5,118.5,117,61.08K,
05/30/2023,118,118,118.5,116.25,14.54K,
05/29/2023,118,120,120,118,10.76K,
05/26/2023,121,120.5,121,119,2.16M,
05/25/2023,120,120,120,118.5,11.74K,
05/24/2023,120,116.25,121,116.25,1.26M,
05/23/2023,120,117.25,120,116,1.01M,
05/22/2023,118,118.5,119,117,284.75K,
05/19/2023,118.75,118,120,118,357.02K,
05/18/2023,118,117,118.75,117,12.46K,
05/17/2023,118,118,120,118,130.87K,
05/16/2023,120,122.5,122.75,118,194.66K,
05/15/2023,122.5,119,122.5,118,168.95K,
05/12/2023,119,118,119.5,116.5,576.84K,
05/11/2023,116,117.25,118,116,645.60K,
05/10/2023,116.25,116,117,116,88.43K,
05/09/2023,115.25,118,118.25,115,260.02K,
05/08/2023,118,115,118.25,115,382.63K,
05/04/2023,115,115,115,113,6.12K,
05/03/2023,115,108.75,115.5,106,49.31K,
05/02/2023,110,112.5,112.5,109,161.18K,
04/28/2023,114.75,115.5,115.5,114,286.71K,
04/27/2023,115,118,118,112,1.05M,
04/26/2023,115,113.25,116.5,112.5,91.77K,
04/25/2023,115.5,113,115.5,112.5,10.74K,
04/24/2023,113,115.25,117,112,16.39K,
04/21/2023,118.5,119,119,115,118.61K,
04/20/2023,119,119,119.25,118,3.85K,
04/19/2023,119,120.25,124.25,117.5,45.08K,
04/18/2023,120.25,124,125,120.25,8.87K,
04/17/2023,123,127,127,122.25,34.60K,
04/12/2023,125,125,126.75,125,94.11K,
04/11/2023,123,124,125.5,122.25,221.30K,
04/10/2023,124,123.75,125,123,10.51K,
04/06/2023,125.5,123,126.25,122.5,29.85K,
04/04/2023,124.75,126,126,124,31.10K,
04/03/2023,127,130,130.5,125,39.06K,
03/31/2023,130,130,131,126,380.17K,
03/30/2023,120.86,119.9,122.54,118.94,9.33K,
03/29/2023,119.9,119.9,122.78,118.94,108.88K,
03/28/2023,119.9,120.86,120.86,116.07,24.56K,
03/27/2023,120.38,124.22,124.22,120.38,4.53K,
03/24/2023,124.22,123.5,124.7,120.14,1.30M,
03/23/2023,123.74,124.7,124.7,121.82,8.55K,
03/22/2023,129.5,126.62,129.5,121.82,132.74K,
03/21/2023,126.62,129.5,129.5,125.9,16.41K,
03/20/2023,129.26,129.5,132.37,129.02,41.71K,
03/17/2023,130.46,125.66,130.94,125.66,193.87K,
03/16/2023,128.06,129.02,129.02,126.62,75.11K,
03/15/2023,125.18,118.94,129.5,118.94,232.87K,
03/14/2023,125.66,118.94,126.62,118.47,1.71M,
03/13/2023,120.86,122.78,123.26,118.94,133.91K,
03/10/2023,123.74,126.62,126.62,122.78,46.32K,
03/09/2023,126.62,127.58,127.58,122.78,46.50K,
03/08/2023,129.98,124.7,131.65,124.7,2.23M,
03/07/2023,123.5,111.27,123.5,111.27,747.83K,
03/03/2023,111.27,108.87,111.27,108.15,134.68K,
03/02/2023,109.11,103.6,109.83,101.68,392.17K,
03/01/2023,103.6,100.72,103.84,100.72,754.81K,
02/28/2023,100.72,103.6,103.6,100.72,2.02M,
02/27/2023,104.08,107.43,107.43,102.4,8.18K,
02/24/2023,108.15,109.35,110.07,105.52,64.59K,
02/23/2023,109.35,107.91,109.35,106.47,54.03K,
02/22/2023,109.35,110.31,114.63,109.35,140.15K,
02/21/2023,110.31,111.27,111.27,106,41.43K,
02/20/2023,112.71,104.56,115.11,104.56,213.94K,
02/17/2023,102.16,96.88,102.16,96.4,435.90K,
02/16/2023,95.92,94.48,96.88,92.09,156.27K,
02/15/2023,94,91.22,94,91.22,44.71K,
02/14/2023,92.57,92.09,94.96,91.13,65.42K,
02/13/2023,93.05,92.09,94.96,91.13,160.13K,
02/10/2023,93.91,92.09,95.92,91.8,41.32K,
02/09/2023,92.95,92.09,94.96,91.7,28.45K,
02/08/2023,92.18,87.77,95.92,87.29,73.65K,
02/07/2023,90.17,89.21,90.17,86.33,279.74K,
02/06/2023,89.21,90.94,90.94,88.63,69.71K,
02/03/2023,90.17,86.62,91.13,86.62,27.49K,
02/02/2023,86.33,85.37,86.71,84.41,144.09K,
02/01/2023,84.51,82.01,84.51,82.01,44.31K,
01/31/2023,82.01,81.06,82.49,81.06,526.07K,
01/30/2023,81.53,81.44,82.4,80.58,79.58K,
01/27/2023,81.34,80.58,81.44,79.71,1.12M,
01/26/2023,80.58,80.58,80.58,79.62,46.40K,
01/25/2023,80.19,80.58,81.53,79.23,104.61K,
01/24/2023,79.71,82.3,83.07,79.62,68.74K,
01/23/2023,82.97,81.53,85.37,79.81,192.37K,
01/20/2023,79.62,74.82,80.58,73.86,789.16K,
01/19/2023,76.16,74.82,76.26,74.82,25.82K,
01/18/2023,73.86,73.48,73.86,72.52,60.76K,
01/17/2023,73.09,73,75.78,72.9,247.37K,
01/13/2023,72.9,73.29,73.38,72.9,3.75K,
01/12/2023,73.38,75.3,75.3,73,3.15K,
01/11/2023,73.48,75.78,75.78,72.23,4.71K,
01/10/2023,72.42,72.13,74.82,72.13,0.94K,
01/09/2023,73.38,73.86,74.24,72.42,97.92K,
01/05/2023,74.15,76.64,76.64,74.15,2.23K,
01/04/2023,74.72,76.74,76.74,74.72,3.25K,
01/03/2023,76.74,74.92,76.74,74.82,3.77K,
01/02/2023,76.93,77.41,77.41,76.45,2.21K,
12/30/2022,76.55,75.49,76.74,75.49,11.48K,
12/29/2022,75.78,74.82,75.78,74.24,4.15K,
12/28/2022,74.82,74.82,74.82,74.72,10.60K,
12/27/2022,73.86,73.57,75.2,73.57,7.61K,
12/23/2022,74.34,75.3,75.3,73.57,2.59K,
12/22/2022,75.3,74.92,75.3,73.86,2.44K,
12/21/2022,74.92,75.97,76.35,74.92,3.17K,
12/20/2022,76.07,77.7,77.7,76.07,90.42K,
12/19/2022,76.74,76.74,76.74,76.74,7.20K,
12/16/2022,76.74,78.66,79.14,76.74,1.94K,
12/15/2022,79.14,78.66,79.14,76.93,9.54K,
12/14/2022,77.7,76.83,78.56,76.74,8.28K,
12/13/2022,77.6,76.64,77.6,76.26,565.92K,
12/12/2022,76.64,74.92,76.74,74.92,11.75K,
12/09/2022,76.64,76.74,76.74,75.3,16.99K,
12/08/2022,75.78,77.22,77.7,75.78,571.35K,
12/06/2022,76.26,76.74,76.74,75.88,1.47K,
12/05/2022,75.78,76.64,77.7,75.78,10.90K,
12/02/2022,76.64,72.9,76.74,72.9,106.13K,
12/01/2022,74.82,73.86,74.82,71.94,69.63K,
11/30/2022,73.77,71.94,74.82,71.94,10.89K,
11/29/2022,71.94,73.77,73.77,71.94,7.08K,
11/28/2022,72.04,72.9,73.77,71.94,4.01K,
11/25/2022,73.29,72.9,73.29,71.94,358.15K,
11/24/2022,71.94,74.82,74.82,71.65,844.76K,
11/23/2022,76.26,69.16,76.55,69.16,407.25K,
11/22/2022,69.26,69.16,71.27,69.06,217.97K,
11/21/2022,69.06,69.93,69.93,69.06,165.93K,
11/18/2022,70.02,71.27,71.27,70.02,3.73K,
11/17/2022,70.12,71.94,71.94,70.02,15.38K,
11/16/2022,72.9,75.78,75.78,70.98,6.15K,
11/15/2022,73.86,70.98,76.74,69.06,966.58K,
11/14/2022,70.98,70.98,70.98,70.79,7.48K,
11/11/2022,70.31,70.98,70.98,70.31,7.32K,
11/10/2022,70.31,70.98,70.98,70.12,2.99K,
11/09/2022,69.54,70.02,70.5,69.54,37.75K,
11/08/2022,70.02,72.52,73.86,69.83,11.45K,
11/04/2022,72.9,74.34,74.82,71.94,79.70K,
11/03/2022,72.81,73.77,74.34,72.81,20.46K,
11/02/2022,72.9,73.86,73.86,72.9,39.18K,
11/01/2022,73.86,74.34,74.34,73.86,5.29K,
10/31/2022,73.96,74.05,74.34,73.86,2.93K,
10/28/2022,74.15,74.44,74.44,73.96,2.97K,
10/27/2022,74.72,74.34,74.82,74.05,18.62K,
10/26/2022,74.34,74.34,74.82,74.05,4.53K,
10/25/2022,74.05,74.34,74.82,73.86,2.54K,
10/21/2022,73.86,74.63,74.63,73.86,14.32K,
10/20/2022,74.82,75.59,75.59,74.44,5.03K,
10/19/2022,74.72,75.59,75.59,74.63,2.83K,
10/18/2022,74.82,75.3,75.59,74.63,26.96K,
10/17/2022,75.59,75.3,78.66,75.11,11.91K,
10/14/2022,75.3,75.4,77.7,74.82,32.05K,
10/13/2022,75.2,75.49,75.49,74.82,36.25K,
10/12/2022,75.78,75.78,77.7,75.11,13.95K,
10/11/2022,75.2,76.74,76.74,75.2,114.14K,
10/07/2022,76.74,77.7,80,76.55,41.13K,
10/06/2022,77.7,78.18,79.9,77.7,12.03K,
10/05/2022,78.27,76.93,80.1,76.93,7.19K,
10/04/2022,77.22,79.62,79.62,77.22,8.00K,
10/03/2022,78.66,80.86,80.86,78.66,29.90K,
09/30/2022,81.25,82.01,82.01,80.48,7.62K,
09/29/2022,80.67,80.58,82.97,79.62,7.00K,
09/28/2022,81.53,82.01,82.49,80.58,64.75K,
09/27/2022,81.53,78.66,81.53,78.66,129.70K,
09/26/2022,79.14,81.53,81.53,77.79,4.53K,
09/23/2022,78.66,81.06,84.12,77.7,56.99K,
09/22/2022,81.06,79.62,81.44,79.33,12.26K,
09/21/2022,79.62,80.1,81.53,79.62,6.95K,
09/20/2022,80.29,82.01,83.36,80.1,11.64K,
09/19/2022,82.49,84.89,84.89,81.82,120.33K,
09/16/2022,84.8,85.37,85.37,81.53,48.30K,
09/15/2022,84.6,83.45,91.13,82.69,259.47K,
09/14/2022,81.53,78.66,84.41,78.37,373.19K,
09/13/2022,77.22,76.83,77.22,76.74,39.30K,
09/12/2022,76.74,76.64,77.22,75.78,59.18K,
09/09/2022,76.55,75.68,76.74,75.59,10.92K,
09/08/2022,75.78,76.74,76.74,75.3,76.62K,
09/07/2022,76.74,76.64,77.22,76.45,12.15K,
09/06/2022,76.74,78.66,78.66,76.74,26.06K,
09/05/2022,78.66,76.45,78.66,76.45,108.41K,
09/02/2022,76.74,77.22,79.14,76.74,32.95K,
09/01/2022,78.56,77.99,78.66,75.78,151.24K,
08/31/2022,75.78,76.74,76.74,75.78,26.98K,
08/30/2022,77.7,77.7,77.7,77.51,1.79K,
08/29/2022,77.51,79.52,79.52,77.22,4.32K,
08/26/2022,77.7,79.62,79.62,77.7,7.43K,
08/25/2022,76.74,78.66,79.23,76.74,2.89K,
08/24/2022,79.52,80,80,76.74,13.00K,
08/23/2022,77.7,80.19,80.19,77.7,2.38K,
08/22/2022,79.62,75.78,79.62,73.86,139.43K,
08/19/2022,75.78,76.26,76.26,74.82,45.60K,
08/18/2022,75.78,79.33,79.33,75.78,802.30K,
08/17/2022,79.62,79.71,80.58,78.66,11.67K,
08/16/2022,79.62,81.73,82.49,79.62,30.93K,
08/15/2022,81.06,83.36,83.36,80.48,80.92K,
08/12/2022,83.45,87.29,88.25,83.36,17.14K,
08/10/2022,86.33,85.37,87.19,84.89,19.12K,
08/09/2022,85.37,89.11,89.11,84.51,50.85K,
08/08/2022,86.43,86.33,86.43,84.89,45.48K,
08/05/2022,86.33,82.97,89.21,82.97,35.29K,
08/04/2022,82.97,82.49,87.77,82.49,6.29K,
08/03/2022,82.78,82.49,83.45,82.49,115.75K,
08/02/2022,82.49,79.71,82.49,79.71,584.27K,
08/01/2022,79.62,78.75,79.71,78.66,19.47K,
07/29/2022,79.62,79.14,79.62,78.66,5.90K,
07/28/2022,79.04,79.62,79.62,78.85,0.76K,
07/27/2022,80.58,78.75,80.96,78.66,27.54K,
07/26/2022,79.62,77.79,80.48,77.79,18.68K,
07/25/2022,78.18,78.66,78.66,77.7,32.98K,
07/22/2022,78.56,78.66,78.66,76.64,207.06K,
07/21/2022,78.66,81.06,81.06,78.66,15.28K,
07/20/2022,80.48,79.62,80.48,77.22,29.71K,
07/19/2022,76.74,79.62,81.53,76.74,6.94K,
07/18/2022,79.62,78.08,79.62,76.26,21.57K,
07/15/2022,77.7,76.74,77.7,76.74,7.36K,
07/14/2022,75.78,75.78,75.78,74.82,2.76K,
07/12/2022,75.78,76.64,76.64,74.82,534.35K,
07/11/2022,76.64,76.16,76.74,74.82,18.31K,
07/08/2022,74.82,74.82,75.68,74.82,212.68K,
07/07/2022,74.82,75.78,76.55,73.86,1.90M,
07/06/2022,74.15,76.26,76.74,74.15,43.93K,
07/05/2022,76.26,76.93,76.93,74.82,478.84K,
07/04/2022,76.74,76.74,76.74,74.92,32.13K,
07/01/2022,76.74,76.16,76.74,74.92,14.59K,
06/30/2022,76.26,75.01,76.64,75.01,1.57K,
06/29/2022,75.3,74.92,76.74,74.82,819.78K,
06/28/2022,74.82,76.74,76.74,74.82,1.09M,
06/27/2022,76.74,77.7,77.7,76.74,130.23K,
06/24/2022,77.7,76.74,78.56,76.74,871.25K,
06/23/2022,76.74,76.64,77.7,75.3,1.53M,
06/22/2022,74.82,73.96,74.82,73.86,9.73K,
06/21/2022,74.82,74.82,76.55,73.96,14.35K,
06/20/2022,74.82,74.15,74.82,73.86,5.03K,
06/17/2022,73.86,73.86,76.74,73.86,39.25K,
06/16/2022,73.86,74.82,74.82,73.86,172.53K,
06/15/2022,73.86,74.15,76.64,73.77,1.05M,
06/13/2022,74.24,74.82,74.82,73.38,34.84K,
06/10/2022,73.38,74.82,74.82,73.38,29.76K,
06/09/2022,73.86,74.82,74.82,73.86,439.45K,
06/08/2022,73.96,74.44,74.82,73.96,32.44K,
06/07/2022,74.82,74.92,74.92,73.86,167.24K,
06/06/2022,75.3,74.82,77.7,74.82,17.58K,
06/03/2022,74.82,74.92,77.7,74.82,92.70K,
06/02/2022,74.82,76.64,76.64,74.82,70.96K,
06/01/2022,74.82,74.82,74.82,73.86,218.67K,
05/31/2022,74.82,74.53,76.64,74.34,552.50K,
05/30/2022,75.78,74.34,76.74,74.34,24.79K,
05/27/2022,74.34,75.59,75.78,74.34,59.50K,
05/26/2022,75.68,77.7,77.7,75.49,52.65K,
05/25/2022,76.74,77.89,77.89,76.74,52.76K,
05/24/2022,77.99,80.58,80.58,77.7,39.73K,
05/23/2022,78.66,81.53,81.53,78.66,40.33K,
05/20/2022,78.66,79.62,79.62,77.22,173.94K,
05/19/2022,78.75,80.58,80.58,78.75,22.64K,
05/18/2022,79.52,81.53,81.53,79.42,137.88K,
05/17/2022,79.14,81.53,81.53,79.14,203.75K,
05/13/2022,79.62,80.96,80.96,78.85,44.76K,
05/12/2022,78.66,76.74,80.58,76.74,1.26M,
05/09/2022,79.62,82.01,82.01,79.62,15.36K,
05/06/2022,82.11,82.4,83.36,82.01,5.92K,
05/05/2022,82.4,84.41,84.41,81.53,21.83K,
05/04/2022,84.41,86.33,86.33,83.74,29.06K,
04/29/2022,83.74,89.02,89.02,81.53,53.48K,
04/28/2022,86.33,88.25,88.73,83.45,13.87K,
04/27/2022,86.33,82.49,88.25,81.53,160.31K,
04/26/2022,82.59,83.45,83.45,82.59,4.80K,
04/25/2022,85.85,86.33,86.33,85.85,10.81K,
04/08/2022,90.74,94.96,97.84,90.17,44.93K,
04/07/2022,94.87,97.84,97.84,93.14,16.75K,
04/06/2022,93.14,99.76,100.72,93.14,33.53K,
04/05/2022,98.8,97.84,100.72,95.92,20.04K,
04/04/2022,96.4,96.4,106.24,93.05,165.38K,
04/01/2022,95.92,102.64,102.64,95.92,8.88K,
03/31/2022,102.64,108.87,108.87,95.92,17.94K,
03/30/2022,112.13,112.6,113.07,105.06,262.73K,
03/29/2022,112.6,117.78,120.14,111.42,75.85K,
03/28/2022,120.61,123.44,123.44,113.07,1.63M,
03/25/2022,123.91,123.44,124.38,122.96,19.57K,
03/24/2022,123.44,124.38,124.38,122.96,49.98K,
03/23/2022,125.32,126.26,126.26,124.38,3.00K,
03/22/2022,125.32,126.26,126.26,124.38,14.41K,
03/21/2022,125.32,125.32,126.26,123.44,8.23K,
03/18/2022,123.44,121.08,124.85,121.08,1.80K,
03/16/2022,122.49,122.02,122.49,121.08,25.58K,
03/15/2022,122.49,122.49,122.49,121.55,15.14K,
03/14/2022,122.49,125.32,125.32,122.49,28.73K,
03/11/2022,123.44,124.85,125.32,122.49,13.26K,
03/10/2022,124.38,121.32,124.38,118.25,48.02K,
03/09/2022,120.84,122.49,123.44,120.84,86.68K,
03/08/2022,125.08,124.38,125.32,122.49,74.22K,
03/07/2022,124.38,127.2,127.2,122.49,46.47K,
03/04/2022,126.97,127.44,127.44,126.97,13.23K,
03/03/2022,127.44,127.2,130.03,126.73,4.55K,
03/02/2022,127.2,129.8,130.03,125.56,90.21K,
02/28/2022,129.56,130.03,130.03,127.2,35.22K,
02/25/2022,127.2,128.15,129.09,122.73,13.73K,
02/24/2022,125.32,127.2,128.62,122.49,50.10K,
02/23/2022,127.2,130.74,130.74,122.73,70.31K,
02/22/2022,129.32,130.74,130.74,127.91,42.50K,
02/21/2022,130.97,131.92,133.56,130.03,71.17K,
02/18/2022,131.21,129.8,131.92,128.85,16.84K,
02/17/2022,130.74,129.09,130.97,129.09,31.56K,
02/15/2022,126.97,129.09,129.09,126.73,10.17K,
02/14/2022,126.73,126.5,129.09,126.26,11.77K,
02/11/2022,129.09,130.03,130.03,127.2,15.35K,
02/10/2022,127.2,126.03,128.15,125.32,9.53K,
02/09/2022,127.2,126.73,128.15,126.03,7.05K,
02/08/2022,126.5,129.32,130.03,126.03,32.94K,
02/07/2022,129.32,131.21,131.92,129.32,5.46K,
02/03/2022,130.74,127.2,130.97,127.2,8.47K,
02/02/2022,127.68,129.09,129.09,127.2,144.27K,
02/01/2022,129.09,130.97,131.92,129.09,176.53K,
01/31/2022,131.21,130.97,131.92,130.03,24.01K,
01/28/2022,130.97,130.97,132.86,129.09,54.50K,
01/27/2022,131.92,130.97,131.92,130.27,39.61K,
01/26/2022,130.5,131.21,131.92,130.03,10.27K,
01/25/2022,130.97,132.86,133.33,130.97,6.07K,
01/24/2022,133.8,132.86,133.8,130.97,92.45K,
01/21/2022,131.92,133.8,136.63,131.92,97.93K,
01/20/2022,131.92,131.92,131.92,130.97,27.91K,
01/19/2022,130.03,132.86,132.86,130.03,30.43K,
01/18/2022,128.62,131.68,131.92,128.62,109.13K,
01/13/2022,129.09,131.68,131.68,129.09,34.29K,
01/12/2022,131.68,132.86,132.86,130.74,10.80K,
01/11/2022,131.92,134.27,134.27,130.97,32.29K,
01/10/2022,132.86,127.2,136.63,125.32,220.94K,
01/07/2022,125.08,126.97,126.97,124.61,132.54K,
01/06/2022,126.03,124.61,126.73,124.38,180.74K,
01/05/2022,124.61,127.91,128.15,124.61,227.13K,
01/04/2022,128.62,128.15,128.62,126.97,30.26K,
01/03/2022,127.44,127.2,128.15,126.97,172.68K,
12/31/2021,127.2,129.09,129.09,126.73,87.89K,
12/30/2021,128.85,127.68,129.09,126.97,145.13K,
12/29/2021,128.15,128.15,130.03,127.2,24.23K,
12/28/2021,128.62,127.2,130.03,127.2,2.24K,
12/27/2021,127.68,129.09,129.09,126.73,58.81K,
12/24/2021,129.09,129.56,130.5,129.09,1.29K,
12/23/2021,130.03,128.15,130.03,126.97,99.46K,
12/22/2021,128.62,129.09,130.03,128.15,44.11K,
12/21/2021,127.2,129.32,129.56,125.32,99.86K,
12/20/2021,129.56,131.92,131.92,129.09,260.10K,
12/17/2021,132.62,132.39,133.8,131.92,205.82K,
12/16/2021,132.39,135.45,135.45,132.39,66.83K,
12/15/2021,133.09,134.51,135.68,133.09,44.40K,
12/14/2021,134.27,134.51,134.74,132.86,277.96K,
12/13/2021,134.27,134.74,135.68,134.27,1.18M,
12/10/2021,135.68,134.51,135.92,133.8,159.13K,
12/09/2021,135.68,136.63,136.63,132.86,290.64K,
12/08/2021,135.68,138.98,138.98,134.74,164.43K,
12/07/2021,138.51,139.45,139.45,138.51,161.84K,
12/06/2021,140.16,141.34,141.34,138.98,42.11K,
12/03/2021,141.1,141.34,142.75,139.92,90.33K,
12/02/2021,141.57,139.45,142.28,139.45,347.44K,
12/01/2021,139.45,138.04,142.75,138.04,258.15K,
11/30/2021,140.4,143.46,143.46,136.86,441.75K,
11/29/2021,142.28,143.69,143.69,141.57,37.06K,
11/26/2021,144.17,146.05,146.05,143.22,332.01K,
11/25/2021,145.11,145.34,147.46,144.17,53.92K,
11/24/2021,145.34,149.35,149.82,145.11,125.05K,
11/23/2021,149.82,148.88,150.76,148.41,150.38K,
11/22/2021,149.82,146.05,149.82,146.05,100.01K,
11/19/2021,146.05,146.99,146.99,145.11,76.34K,
11/17/2021,146.05,144.17,148.64,142.28,130.04K,
11/16/2021,144.17,147.23,150.29,142.28,123.63K,
11/15/2021,146.99,148.88,150.76,141.34,171.84K,
11/12/2021,153.12,154.29,155.47,152.88,231.82K,
11/11/2021,153.82,158.3,161.13,153.59,150.29K,
11/10/2021,160.18,155.47,160.18,155.47,804.87K,
11/09/2021,155.47,153.12,161.13,152.88,1.58M,
11/08/2021,154.53,150.76,155.94,150.76,217.81K,
11/05/2021,152.88,152.88,153.35,152.17,316.95K,
11/03/2021,153.12,152.65,155,151.7,165.67K,
11/02/2021,152.65,150.76,153.12,149.35,280.50K,
11/01/2021,151,151.47,151.47,146.99,279.50K,
10/29/2021,150.76,148.64,151.47,145.34,401.55K,
10/28/2021,148.88,151.23,151.23,147.46,42.71K,
10/27/2021,151,141.81,152.65,141.81,1.23M,
10/26/2021,142.99,141.34,142.99,141.34,302.13K,
10/25/2021,141.34,141.34,141.81,140.87,100.51K,
10/22/2021,141.81,141.57,142.75,141.34,66.01K,
10/21/2021,142.05,141.34,143.22,141.34,68.52K,
10/18/2021,141.81,141.1,142.28,140.4,164.59K,
10/15/2021,139.92,140.87,141.1,139.92,17.72K,
10/14/2021,141.34,140.87,142.05,140.87,145.04K,
10/13/2021,140.4,140.4,141.34,138.04,746.38K,
10/12/2021,140.4,139.45,141.1,136.63,425.68K,
10/11/2021,140.4,141.34,142.28,139.45,96.13K,
10/08/2021,141.34,143.22,143.22,134.74,349.25K,
10/07/2021,142.75,142.28,145.11,142.28,577.08K,
10/06/2021,141.81,135.45,143.22,135.45,659.93K,
10/05/2021,135.45,132.15,136.16,132.15,72.03K,
10/04/2021,135.21,133.8,135.21,131.92,99.81K,
10/01/2021,133.8,136.39,136.39,132.86,160.22K,
09/30/2021,135.45,131.92,135.45,131.44,358.59K,
09/29/2021,131.92,131.92,131.92,131.44,23.07K,
09/28/2021,131.68,131.68,131.92,130.03,259.43K,
09/27/2021,132.86,132.39,133.09,132.15,12.34K,
09/24/2021,133.09,131.92,133.33,131.92,113.45K,
09/23/2021,131.92,130.97,131.92,130.97,136.16K,
09/22/2021,131.68,130.97,132.15,130.97,79.67K,
09/21/2021,130.97,130.97,130.97,126.26,114.67K,
09/17/2021,131.92,131.68,131.92,130.97,66.01K,
09/16/2021,131.92,130.97,132.39,130.97,144.53K,
09/15/2021,131.21,131.92,131.92,130.5,82.15K,
09/14/2021,131.68,131.68,132.86,130.74,254.38K,
09/13/2021,131.92,133.33,133.33,130.97,235.52K,
09/10/2021,134.74,132.86,135.45,131.92,460.64K,
09/09/2021,134.51,130.03,135.21,130.03,546.44K,
09/08/2021,130.27,128.62,131.92,128.15,1.88M,
09/07/2021,130.97,127.91,131.68,127.91,149.84K,
09/06/2021,128.85,129.8,129.8,127.91,108.02K,
09/03/2021,129.8,128.62,130.97,127.2,56.10K,
09/02/2021,130.03,129.09,130.97,128.15,261.02K,
09/01/2021,127.68,130.03,130.03,127.2,170.64K,
08/31/2021,130.03,128.15,130.03,127.68,342.55K,
08/30/2021,130.03,130.5,130.97,128.62,69.01K,
08/27/2021,130.97,134.27,135.21,130.5,151.53K,
08/26/2021,134.27,127.2,137.33,127.2,1.81M,
08/25/2021,127.68,127.2,127.68,126.26,99.69K,
08/24/2021,127.2,128.15,128.15,125.32,128.38K,
08/23/2021,128.15,125.32,128.38,125.08,1.63M,
08/20/2021,124.85,125.08,125.08,124.38,63.28K,
08/19/2021,124.85,124.38,124.85,123.44,374.65K,
08/18/2021,124.38,122.49,125.32,122.49,66.70K,
08/17/2021,123.44,122.49,124.38,122.49,80.11K,
08/16/2021,123.91,123.67,124.38,123.44,27.07K,
08/13/2021,122.96,123.91,124.38,122.49,14.75K,
08/12/2021,123.67,123.2,123.67,122.49,718.78K,
08/11/2021,122.73,122.49,123.44,122.49,134.60K,
08/10/2021,123.44,123.2,123.67,122.49,436.82K,
08/09/2021,122.49,121.55,123.2,121.55,326.01K,
08/06/2021,122.26,120.14,122.49,118.96,271.92K,
08/05/2021,120.14,119.9,121.32,118.72,436.35K,
08/04/2021,120.37,121.55,121.55,120.14,33.25K,
08/03/2021,120.61,120.84,121.55,120.37,1.36M,
08/02/2021,121.32,122.49,122.49,120.61,116.41K,
07/30/2021,122.26,122.26,122.49,121.55,41.03K,
07/29/2021,122.26,122.26,122.26,121.55,17.23K,
07/28/2021,122.26,122.49,122.49,121.79,29.62K,
07/27/2021,122.49,122.02,122.49,121.55,34.45K,
07/26/2021,122.02,122.02,123.2,120.61,124.43K,
07/22/2021,122.26,123.44,123.44,121.79,91.49K,
07/20/2021,123.44,123.67,124.85,121.79,89.52K,
07/19/2021,123.44,124.85,124.85,123.44,181.76K,
07/16/2021,126.03,125.32,126.26,125.32,43.95K,
07/15/2021,124.85,125.79,126.03,124.85,47.71K,
07/14/2021,126.26,125.79,126.26,124.61,28.47K,
07/13/2021,125.79,123.44,125.79,123.44,73.61K,
07/12/2021,125.32,124.14,125.79,123.91,265.41K,
07/09/2021,124.38,123.44,125.08,123.44,46.06K,
07/08/2021,123.44,123.44,124.38,122.49,2.84M,
07/07/2021,123.44,125.32,125.32,122.49,66.65K,
07/06/2021,123.44,123.44,124.38,122.73,26.84K,
07/05/2021,123.44,123.91,124.14,123.2,172.93K,
07/02/2021,124.14,125.79,125.79,123.2,233.85K,
07/01/2021,125.32,126.26,126.26,124.85,81.91K,
06/30/2021,126.26,126.26,127.2,125.32,637.42K,
06/29/2021,127.68,129.32,129.56,126.73,83.44K,
06/28/2021,129.09,128.15,129.56,128.15,194.04K,
06/25/2021,128.62,127.2,128.62,127.2,165.21K,
06/23/2021,126.73,126.73,127.91,125.32,107.51K,
06/22/2021,127.2,129.09,129.09,127.2,155.79K,
06/21/2021,129.56,129.8,130.03,128.15,706.24K,
06/18/2021,129.8,129.8,130.03,129.09,123.02K,
06/17/2021,129.09,130.03,130.97,129.09,186.01K,
06/16/2021,129.09,127.68,129.8,127.68,3.00M,
06/15/2021,127.2,128.62,128.62,127.2,103.76K,
06/14/2021,127.91,127.68,128.85,126.26,69.97K,
06/11/2021,127.68,127.91,129.56,127.44,400.83K,
06/10/2021,127.68,127.2,129.56,126.73,175.43K,
06/09/2021,126.73,127.2,127.2,126.73,45.48K,
06/08/2021,126.97,128.15,128.15,126.26,82.99K,
06/07/2021,127.44,128.85,128.85,126.73,18.05K,
06/04/2021,128.38,127.2,128.62,127.2,468.16K,
06/03/2021,127.2,126.26,127.68,124.38,513.65K,
06/02/2021,126.03,124.38,127.2,124.38,239.88K,
06/01/2021,124.85,122.49,125.08,122.49,345.11K,
05/31/2021,122.02,121.55,122.49,121.32,142.58K,
05/28/2021,121.55,121.55,122.49,121.55,555.12K,
05/25/2021,121.79,120.61,122.49,120.61,87.98K,
05/24/2021,121.32,122.26,122.26,120.14,9.04K,
05/21/2021,122.02,122.26,122.26,120.37,56.60K,
05/20/2021,122.02,121.32,122.26,121.32,26.55K,
05/19/2021,122.26,121.55,122.26,121.08,6.18K,
05/18/2021,122.02,122.02,122.02,120.84,8.35K,
05/17/2021,122.02,120.61,122.02,119.67,140.29K,
05/13/2021,120.37,119.9,120.61,119.9,95.96K,
05/12/2021,120.37,120.61,120.84,119.9,71.02K,
05/11/2021,120.61,120.61,121.32,119.67,5.27K,
05/10/2021,121.08,122.02,122.26,120.61,64.11K,
05/07/2021,122.26,122.02,122.49,121.55,53.71K,
05/06/2021,122.02,122.26,122.26,121.55,113.81K,
05/05/2021,122.02,121.08,122.49,121.08,42.88K,
05/04/2021,120.14,123.2,123.2,120.14,9.00M,
05/03/2021,122.02,120.61,122.96,118.25,199.88K,
04/30/2021,120.61,122.49,122.49,120.61,27.87K,
04/29/2021,122.49,122.49,123.2,118.72,7.22M,
04/28/2021,120.61,119.67,120.61,118.96,29.94K,
04/27/2021,119.67,121.55,121.55,117.78,182.86K,
04/23/2021,122.49,120.61,122.73,120.14,1.41M,
04/22/2021,122.73,123.44,123.44,122.02,56.04K,
04/21/2021,124.61,123.44,124.61,121.55,2.96M,
04/20/2021,123.91,124.38,124.85,123.67,489.79K,
04/19/2021,124.38,125.79,125.79,124.38,38.10K,
04/16/2021,125.32,124.61,125.79,124.38,840.08K,
04/15/2021,124.61,125.32,125.32,124.38,620.08K,
04/12/2021,125.32,124.85,125.79,124.38,444.09K,
04/09/2021,124.85,124.85,126.03,123.44,430.30K,
04/08/2021,124.85,122.49,126.26,122.49,604.43K,
04/07/2021,122.96,118.72,124.38,117.78,1.37M,
04/06/2021,118.72,117.78,119.67,115.9,80.46K,
04/05/2021,116.6,118.72,118.72,115.9,379.02K,
04/01/2021,119.2,118.96,119.43,117.55,185.21K,
03/31/2021,118.72,120.37,120.61,118.25,38.00K,
03/30/2021,121.03,120.34,122.18,118.97,565.37K,
03/29/2021,119.43,121.03,121.03,118.28,316.92K,
03/26/2021,120.8,119.43,121.26,118.74,27.44K,
03/25/2021,119.43,121.26,121.26,118.51,42.21K,
03/24/2021,119.43,116.67,119.43,116.67,72.96K,
03/23/2021,117.13,119.43,119.43,116.9,39.05K,
03/22/2021,117.59,117.59,119.43,116.21,56.59K,
03/19/2021,117.59,116.44,118.51,115.29,181.89K,
03/18/2021,116.67,117.59,117.59,115.75,36.98K,
03/17/2021,117.59,119.43,119.43,117.13,355.34K,
03/16/2021,118.28,119.88,121.26,118.28,28.97K,
03/15/2021,119.88,118.74,121.26,118.74,3.23K,
03/12/2021,119.43,117.59,121.03,117.59,151.28K,
03/10/2021,117.59,119.43,119.43,117.13,435.46K,
03/09/2021,120.34,121.72,123.1,120.34,255.79K,
03/08/2021,121.26,116.67,121.26,116.67,136.33K,
03/05/2021,116.67,119.2,119.43,115.75,529.86K,
03/04/2021,118.97,117.59,119.43,114.83,92.88K,
03/03/2021,116.21,119.43,120.11,115.29,82.65K,
03/02/2021,119.2,122.18,122.18,118.51,255.32K,
03/01/2021,122.18,123.56,124.94,121.26,35.03K,
02/25/2021,122.87,123.1,123.1,121.26,209.01K,
02/24/2021,120.11,121.26,123.1,119.43,92.83K,
02/23/2021,121.49,124.94,124.94,119.66,125.86K,
02/22/2021,124.71,128.61,128.61,124.02,55.25K,
02/19/2021,126.54,124.94,127.46,124.94,179.57K,
02/18/2021,124.94,124.94,125.86,124.02,414.65K,
02/17/2021,125.4,125.63,126.77,120.34,195.95K,
02/16/2021,125.63,128.61,128.61,124.02,520.55K,
02/15/2021,128.61,130.22,134.35,127.92,1.18M,
02/12/2021,128.15,126.77,128.61,125.86,169.01K,
02/11/2021,123.79,127,130.45,115.06,433.12K,
02/10/2021,127.92,128.61,131.37,127.69,193.19K,
02/09/2021,130.68,132.29,132.29,126.77,320.62K,
02/08/2021,133.21,137.8,137.8,132.29,1.10M,
02/05/2021,136.19,132.75,137.11,131.83,630.31K,
02/03/2021,132.75,127.69,135.04,125.86,699.18K,
02/02/2021,127.69,138.03,138.03,124.25,676.66K,
02/01/2021,138.49,143.31,146.76,136.88,1.10M,
01/29/2021,143.08,142.39,151.58,141.47,2.98M,
01/27/2021,136.42,143.31,143.31,135.27,723.55K,
01/26/2021,141.47,140.32,145.61,140.32,2.35M,
01/25/2021,139.41,131.37,140.32,130.91,1.79M,
01/22/2021,129.76,128.61,130.91,127.69,1.59M,
01/21/2021,127,128.61,129.99,125.86,967.02K,
01/20/2021,128.15,129.53,134.12,125.86,4.23M,
01/19/2021,127.69,124.02,129.99,123.33,4.44M,
01/18/2021,121.72,119.43,124.94,119.43,1.56M,
01/15/2021,117.82,116.67,119.43,115.52,720.58K,
01/13/2021,116.44,117.59,117.82,115.98,324.28K,
01/12/2021,117.59,118.51,118.51,117.13,245.88K,
01/11/2021,118.05,118.97,119.43,117.59,214.51K,
01/08/2021,118.51,118.97,119.43,118.05,268.70K,
01/07/2021,118.97,119.43,119.43,117.59,399.79K,
01/06/2021,118.97,119.24,119.24,117.59,206.80K,
01/05/2021,118.87,118.97,120.34,118.32,368.40K,
01/04/2021,118.32,116.21,118.97,116.21,898.75K,
12/31/2020,116.21,115.38,116.67,114.92,326.05K,
12/30/2020,115.38,116.67,116.67,114.83,107.91K,
12/28/2020,115.84,115.29,116.58,114.65,82.26K,
12/24/2020,114.56,114.19,114.83,113.82,123.50K,
12/23/2020,114.01,113.91,114.83,113.82,104.40K,
12/22/2020,113.91,114.83,114.83,113.82,282.58K,
12/21/2020,114.01,114.37,115.75,113.91,144.51K,
12/18/2020,114.28,115.66,116.49,113.73,285.07K,
12/17/2020,113.73,114.92,115.02,113.45,127.36K,
12/16/2020,115.66,116.3,117.59,115.02,275.09K,
12/15/2020,116.3,119.24,119.24,114.83,202.96K,
12/14/2020,118.78,118.78,119.43,118.41,317.82K,
12/11/2020,119.24,120.34,120.44,118.51,281.06K,
12/10/2020,120.62,124.02,124.02,120.44,113.11K,
12/09/2020,122.82,122.18,124.29,119.06,884.31K,
12/08/2020,122,116.67,123.1,116.67,1.22M,
12/07/2020,115.48,111.89,116.67,111.43,767.33K,
12/04/2020,110.42,109.87,111.62,109.87,297.46K,
12/03/2020,110.06,110.7,110.7,109.5,637.89K,
12/02/2020,109.87,110.24,110.7,109.78,347.23K,
12/01/2020,109.32,107.48,110.24,107.48,236.67K,
11/30/2020,105.74,104.82,112.99,104.73,277.32K,
11/27/2020,105.19,105.28,105.65,104.54,580.23K,
11/26/2020,105.09,104.27,105.37,104.27,335.18K,
11/25/2020,104.27,104.54,104.64,103.9,212.02K,
11/24/2020,104.36,104.73,104.73,104.27,48.00K,
11/23/2020,104.27,105,105.19,104.08,78.44K,
11/20/2020,105,104.91,105.37,104.73,178.32K,
11/19/2020,104.91,105.09,105.37,104.82,65.33K,
11/18/2020,105.09,105.65,105.65,104.82,348.61K,
11/17/2020,105.19,105.65,105.74,104.73,211.05K,
11/16/2020,104.91,106.1,106.1,104.73,187.70K,
11/13/2020,106.1,105.65,106.38,105.37,416.74K,
11/12/2020,105.19,106.56,107.48,104.73,508.81K,
11/11/2020,107.02,106.75,108.4,106.75,436.04K,
11/10/2020,106.29,106.1,106.56,105.65,689.94K,
11/09/2020,105.09,105.74,105.74,104.64,574.46K,
11/06/2020,105.74,105.65,107.39,105.55,498.02K,
11/05/2020,105.28,106.2,106.47,105.19,461.35K,
11/04/2020,105.09,105.65,105.65,104.73,128.65K,
11/03/2020,104.73,105.55,105.65,104.45,70.24K,
11/02/2020,103.44,103.72,104.27,103.26,154.67K,
10/29/2020,104.82,103.72,105.19,103.72,604.47K,
10/28/2020,103.81,104.27,105.46,103.35,1.17M,
10/27/2020,104.27,104.27,105.65,103.9,958.93K,
10/26/2020,103.9,104.73,105.65,101.05,139.82K,
10/23/2020,106.47,109.23,109.23,106.1,387.07K,
10/22/2020,105.65,104.73,109.23,102.89,672.20K,
10/21/2020,105.83,109.04,109.87,105.55,866.61K,
10/20/2020,109.78,108.77,109.96,108.4,86.89K,
10/19/2020,108.49,109.32,109.32,108.22,227.26K,
10/16/2020,108.59,108.4,109.78,107.94,206.24K,
10/15/2020,108.4,110.24,111.16,108.13,216.19K,
10/14/2020,108.31,108.4,109.32,105.65,283.92K,
10/13/2020,107.57,110.24,110.24,107.3,737.45K,
10/12/2020,110.61,110.24,111.98,109.78,341.67K,
10/09/2020,110.51,109.78,112.08,109.32,385.12K,
10/08/2020,109.14,106.56,109.78,106.56,145.37K,
10/07/2020,107.39,106.66,109.6,106.56,1.00M,
10/06/2020,107.48,104.73,111.16,103.72,957.81K,
10/05/2020,106.47,110.24,112.08,105.65,1.10M,
10/02/2020,114.37,116.67,116.76,112.99,355.60K,
09/30/2020,116.67,114.83,116.76,114.83,266.15K,
09/29/2020,116.76,118.41,118.41,114.83,4.85M,
09/28/2020,118.51,118.41,119.88,117.5,412.21K,
09/25/2020,117.5,117.59,117.59,116.3,337.08K,
09/24/2020,117.5,117.59,118.41,117.13,965.89K,
09/23/2020,117.4,118.97,118.97,115.75,229.03K,
09/22/2020,118.05,120.8,120.8,117.59,782.79K,
09/21/2020,119.88,121.26,121.72,116.39,336.84K,
09/18/2020,119.7,119.43,120.8,118.51,944.75K,
09/17/2020,116.76,112.63,119.43,112.63,918.99K,
09/16/2020,112.63,112.54,112.99,112.08,221.77K,
09/15/2020,112.54,112.99,113.27,111.8,348.55K,
09/14/2020,112.72,110.51,112.9,110.51,329.77K,
09/11/2020,109.87,109.23,110.42,108.4,703.80K,
09/10/2020,108.4,108.4,109.32,108.31,139.10K,
09/09/2020,108.03,108.4,109.32,107.48,529.86K,
09/08/2020,107.39,107.02,107.48,106.56,96.75K,
09/07/2020,107.21,107.76,109.32,106.56,83.59K,
09/04/2020,107.57,109.23,109.32,107.39,707.83K,
09/03/2020,109.32,111.16,111.16,108.86,132.69K,
09/02/2020,110.24,112.08,112.08,110.06,154.64K,
08/31/2020,111.52,112.08,112.08,111.16,141.63K,
08/28/2020,111.62,110.24,111.89,110.24,228.49K,
08/27/2020,111.16,111.62,111.71,105.65,561.96K,
08/26/2020,111.52,112.08,112.08,111.34,359.11K,
08/25/2020,112.08,112.99,113.09,111.34,217.74K,
08/24/2020,113.09,112.08,114.83,111.62,327.10K,
08/21/2020,112.08,112.26,112.72,111.62,238.76K,
08/20/2020,112.08,112.26,112.72,111.52,279.02K,
08/19/2020,112.08,111.62,112.99,110.97,1.50M,
08/18/2020,111.62,111.16,112.08,111.16,366.43K,
08/17/2020,111.34,112.99,113.45,111.16,767.44K,
08/14/2020,112.99,111.16,113.82,110.24,2.46M,
08/13/2020,110.24,108.4,111.62,108.4,1.04M,
08/12/2020,108.13,105.92,108.4,105.92,904.63K,
08/11/2020,105.74,104.73,106.01,104.73,334.79K,
08/10/2020,104.82,105.83,105.83,104.27,64.23K,
08/07/2020,105.37,105.83,106.56,104.82,796.51K,
08/06/2020,104.08,104.27,104.73,103.62,508.02K,
08/05/2020,103.81,104.45,104.73,103.72,224.66K,
08/04/2020,104.36,102.89,104.64,102.89,162.39K,
07/31/2020,102.8,101.79,102.89,101.79,276.17K,
07/30/2020,101.97,102.8,102.8,101.6,386.25K,
07/29/2020,101.88,102.89,102.89,101.6,448.28K,
07/28/2020,101.7,102.71,103.35,101.6,1.39M,
07/27/2020,102.15,102.61,103.81,101.7,90.19K,
07/24/2020,101.88,101.51,101.97,101.51,303.94K,
07/23/2020,101.7,102.61,102.61,101.51,65.75K,
07/22/2020,101.97,103.72,103.72,101.05,648.32K,
07/21/2020,103.07,103.81,104.27,101.97,1.06M,
07/20/2020,103.44,101.97,105.09,101.97,530.54K,
07/17/2020,101.05,98.3,101.05,98.3,904.37K,
07/16/2020,98.11,96.46,98.85,96.46,1.12M,
07/15/2020,96,96.92,100.59,94.62,974.39K,
07/14/2020,96.92,94.62,99.67,94.62,463.86K,
07/13/2020,95.82,96.46,98.3,91.87,1.41M,
07/10/2020,99.31,100.59,100.59,97.47,1.12M,
07/09/2020,101.6,101.97,103.81,101.42,98.95K,
07/08/2020,101.14,101.97,102.43,100.68,219.55K,
07/07/2020,102.15,102.89,103.53,102.06,199.63K,
07/06/2020,101.14,101.14,102.89,98.3,280.97K,
07/03/2020,101.7,101.97,102.89,101.05,2.73M,
07/02/2020,102.25,103.81,103.81,99.21,1.49M,
07/01/2020,103.81,104.73,104.73,103.62,1.20M,
06/30/2020,104.08,104.82,105.65,102.98,1.34M,
06/29/2020,104.82,105.65,106.56,104.45,334.21K,
06/26/2020,105.19,105.65,106.01,104.45,640.75K,
06/25/2020,106.01,106.56,107.02,105.46,1.10M,
06/24/2020,105.92,105.65,106.56,104.36,1.55M,
06/23/2020,105.37,104.27,106.47,103.9,1.83M,
06/22/2020,103.26,100.13,104.45,100.13,1.59M,
06/19/2020,99.67,100.78,100.87,97.93,553.54K,
06/18/2020,98.85,96.46,100.96,96.46,974.37K,
06/17/2020,96.28,93.89,97.56,93.89,2.11M,
06/16/2020,92.33,91.87,93.61,91.68,1.46M,
06/15/2020,91.68,91.87,93.61,91.59,1.10M,
06/12/2020,91.77,91.87,91.87,90.49,561.45K,
06/11/2020,91.87,94.62,94.62,90.49,1.99M,
06/10/2020,90.58,91.87,95.54,90.49,1.58M,
06/09/2020,91.68,90.03,92.78,90.03,2.03M,
06/08/2020,88.65,88.19,89.11,87.27,3.27M,
06/04/2020,87.27,88.47,88.47,87.09,110.14K,
06/03/2020,87.27,88.37,88.37,87.18,987.44K,
06/02/2020,87.27,89.02,89.02,86.35,397.46K,
06/01/2020,88.28,90.95,90.95,88.1,279.06K,
05/29/2020,91.47,93.45,93.45,91.2,3.45M,
05/28/2020,93.36,94.35,94.35,93.09,1.17M,
05/27/2020,93.45,95.43,96.15,93,784.51K,
05/26/2020,94.26,98.75,98.75,93.18,839.13K,
05/22/2020,96.33,106.93,107.83,95.88,6.35M,
05/21/2020,95.61,89.86,99.74,89.86,10.07M,
05/20/2020,87.07,89.86,89.86,86.26,1.28M,
05/19/2020,86.35,88.96,89.86,86.08,740.28K,
05/18/2020,86.08,85.36,87.16,85.27,560.80K,
05/15/2020,85.36,88.06,88.06,84.73,100.70K,
05/14/2020,84.46,89.68,89.68,84.02,146.60K,
05/13/2020,85.18,82.67,86.26,82.67,818.09K,
05/12/2020,82.4,82.67,84.46,80.87,138.13K,
05/11/2020,85.36,85.36,85.36,85.36,4.17K,
03/20/2020,94.44,106.93,106.93,92.64,196.25K,
03/13/2020,108.01,113.22,113.22,106.03,231.79K,
03/12/2020,113.22,120.23,120.23,112.77,65.68K,
03/11/2020,119.96,116.81,121.31,116.36,39.81K,
03/10/2020,115.91,119.51,119.51,113.22,173.96K,
03/06/2020,122.11,126.7,126.7,121.31,116.92K,
03/05/2020,126.88,130.2,130.2,126.7,99.90K,
03/04/2020,130.29,133.17,133.89,130.2,37.51K,
03/03/2020,133.89,133.8,138.38,132.99,17.50K,
03/02/2020,130.11,133.8,133.8,129.39,304.22K,
02/28/2020,132.18,134.78,134.78,131.73,17.92K,
02/27/2020,134.78,137.12,137.12,134.51,164.39K,
02/26/2020,136.22,139.1,139.1,134.78,55.59K,
02/25/2020,139.28,141.07,141.07,139.19,5.15K,
02/24/2020,140,140.27,143.77,139.28,108.21K,
02/20/2020,140.18,140.98,141.07,139.28,159.24K,
02/19/2020,141.07,141.16,141.52,140.62,269.63K,
02/18/2020,140.71,143.77,143.77,140.27,66.43K,
02/17/2020,141.07,140.98,143.77,140.18,147.99K,
02/14/2020,140.62,142.87,142.87,140.18,86.82K,
02/13/2020,141.07,143.77,143.77,141.07,43.67K,
02/12/2020,143.77,143.32,143.77,143.32,0.77K,
02/11/2020,142.87,142.96,143.77,142.51,359.22K,
02/10/2020,143.77,143.77,147.54,142.87,99.47K,
02/07/2020,142.87,148.08,148.08,142.87,186.31K,
02/06/2020,142.87,147.36,148.17,142.87,86.35K,
02/05/2020,144.31,148.26,148.26,143.77,46.31K,
02/03/2020,144.67,144.49,144.67,143.86,69.70K,
01/31/2020,144.76,149.16,149.16,144.67,149.67K,
01/30/2020,144.94,144.67,147.45,144.67,346.01K,
01/29/2020,143.77,144.67,145.57,142.87,280.19K,
01/28/2020,143.77,141.97,144.67,141.97,60.79K,
01/27/2020,143.77,147.36,147.36,142.87,87.36K,
01/24/2020,145.57,146.47,146.47,145.48,149.68K,
01/23/2020,145.66,146.47,147.36,145.57,420.69K,
01/22/2020,145.48,144.22,147.36,143.77,411.69K,
01/21/2020,143.68,141.52,143.77,141.25,183.69K,
01/20/2020,141.16,141.25,143.77,141.16,115.86K,
01/17/2020,142.96,143.77,143.77,141.97,3.36K,
01/16/2020,143.77,144.67,145.57,141.07,6.23K,
01/14/2020,144.67,145.57,145.57,143.77,4.23K,
01/13/2020,143.32,148.26,148.26,143.32,42.44K,
01/09/2020,143.77,144.22,148.08,143.68,146.43K,
01/08/2020,144.04,151.05,151.05,143.77,32.65K,
01/07/2020,151.86,152.76,152.76,150.96,2.24K,
01/06/2020,152.76,155.9,155.9,151.95,19.94K,
01/03/2020,155.63,156.35,156.35,154.01,3.58K,
01/02/2020,154.82,156.26,156.26,154.73,0.74K,
12/31/2019,154.73,156.8,157.25,154.19,23.10K,
12/30/2019,156.98,157.25,157.7,155.45,0.58K,
12/27/2019,157.25,157.25,157.25,155.63,0.36K,
12/26/2019,155.45,159.05,159.05,155.45,2.80K,
12/24/2019,155.45,155.36,161.56,155.36,5.38K,
12/23/2019,154.55,155.45,155.9,154.55,1.61K,
12/20/2019,155.9,155.45,156.26,155.45,2.03K,
12/19/2019,156.26,155.54,156.26,154.55,77.47K,
12/18/2019,155.72,156.26,156.26,155.45,1.16K,
12/17/2019,155.45,156.35,156.35,154.64,0.61K,
12/16/2019,156.17,155.72,156.35,155.54,35.70K,
12/13/2019,156.35,155.9,156.35,155.9,0.35K,
12/12/2019,156.35,157.25,157.25,154.55,18.32K,
12/10/2019,156.35,158.15,159.05,155.9,97.58K,
12/09/2019,158.15,158.6,158.6,157.43,0.52K,
12/06/2019,157.34,158.51,159.05,157.25,52.92K,
12/05/2019,157.61,159.94,159.94,157.25,66.49K,
12/04/2019,159.05,159.85,161.65,158.15,47.25K,
12/03/2019,159.05,159.94,161.74,159.05,141.52K,
12/02/2019,160.03,161.38,161.38,159.94,68.82K,
11/29/2019,160.48,159.94,162.64,159.94,227.24K,
11/28/2019,160.39,160.84,164.89,159.94,229.53K,
11/27/2019,159.4,161.74,161.74,159.23,276.23K,
11/26/2019,159.67,159.49,161.65,159.49,55.88K,
11/25/2019,159.58,162.46,162.46,159.49,27.54K,
11/22/2019,161.83,164.44,164.44,157.52,48.95K,
11/21/2019,162.73,163.63,163.63,161.74,109.54K,
11/20/2019,163.9,164.35,164.44,162.64,5.96K,
11/19/2019,164.35,163.54,167.13,163.54,79.14K,
11/18/2019,163.81,167.13,168.03,163.54,69.07K,
11/15/2019,163.9,163.54,166.14,163.54,36.73K,
11/14/2019,163.54,164.44,165.34,162.91,414.79K,
11/13/2019,163.63,165.43,165.51,163.54,42.39K,
11/08/2019,163.63,164.44,165.34,163.54,151.37K,
11/07/2019,164.71,166.23,166.23,164.44,118.62K,
11/06/2019,166.59,166.23,168.93,165.34,371.77K,
11/05/2019,166.23,162.91,168.93,162.91,121.32K,
11/04/2019,163.63,164.35,165.34,162.82,28.22K,
11/01/2019,163.54,165.34,165.34,162.73,49.45K,
10/31/2019,164.26,159.49,164.98,158.96,319.10K,
10/30/2019,159.67,159.94,160.84,159.05,9.67K,
10/29/2019,159.85,158.96,159.94,158.96,8.77K,
10/28/2019,158.24,158.24,159.4,158.06,12.91K,
10/25/2019,158.24,158.96,158.96,157.79,40.33K,
10/24/2019,158.24,158.06,160.84,157.25,594.76K,
10/23/2019,157.25,158.06,158.15,156.8,232.07K,
10/22/2019,157.25,155.9,158.51,155.9,146.94K,
10/21/2019,155.9,156.35,156.35,154.55,471.82K,
10/18/2019,156.26,153.65,156.35,153.65,1.26K,
10/17/2019,153.65,154.1,156.35,153.65,3.35K,
10/16/2019,153.65,157.16,157.16,153.65,344.81K,
10/15/2019,154.64,157.25,157.34,152.76,170.80K,
10/14/2019,157.25,152.58,159.05,152.58,287.42K,
10/11/2019,150.96,152.58,152.58,148.26,13.57K,
10/10/2019,149.52,151.86,152.76,148.35,102.15K,
10/09/2019,150.78,142.87,152.67,142.87,143.16K,
10/08/2019,142.78,142.87,142.87,141.97,13.90K,
10/07/2019,142.69,142.87,143.77,140.36,11.74K,
10/04/2019,140.36,139.28,140.98,137.66,4.95K,
10/03/2019,137.66,137.48,139.28,137.48,0.90K,
10/02/2019,137.57,140.53,140.62,137.48,6.07K,
10/01/2019,138.29,137.75,142.87,137.48,34.04K,
09/30/2019,138.29,142.78,142.78,137.75,112.69K,
09/27/2019,140.8,140.62,143.68,139.28,31.98K,
09/26/2019,138.38,139.1,139.1,138.02,2.62K,
09/25/2019,138.38,139.28,139.28,137.93,10.89K,
09/24/2019,138.38,139.28,139.28,138.2,19.36K,
09/23/2019,139.28,140.98,140.98,138.38,19.05K,
09/20/2019,138.74,139.28,139.37,138.38,118.30K,
09/19/2019,139.19,141.97,141.97,138.38,363.62K,
09/18/2019,137.48,138.38,139.19,137.03,83.95K,
09/17/2019,138.56,138.38,139.19,138.38,42.13K,
09/16/2019,138.38,141.07,148.26,137.75,182.35K,
09/12/2019,137.48,139.28,139.28,137.48,82.74K,
09/11/2019,137.48,141.07,141.07,137.12,69.32K,
09/10/2019,141.16,143.41,143.77,141.07,50.37K,
09/09/2019,143.41,147.81,147.81,142.87,18.27K,
09/06/2019,143.77,147.27,147.27,142.87,58.26K,
09/05/2019,146.74,148.26,148.26,146.11,8.62K,
09/04/2019,148.17,148.71,149.52,147.81,32.94K,
09/03/2019,149.43,149.16,150.06,147.36,3.97K,
09/02/2019,148.44,150.96,150.96,148.26,11.56K,
08/30/2019,150.96,152.58,152.58,150.96,77.73K,
08/29/2019,152.49,152.76,152.76,151.14,133.31K,
08/28/2019,152.58,153.11,153.11,152.49,177.08K,
08/27/2019,152.76,152.76,153.65,152.67,59.87K,
08/26/2019,152.04,154.37,155.36,151.86,48.37K,
08/23/2019,152.76,156.35,156.35,152.76,42.88K,
08/22/2019,152.76,157.25,157.25,152.58,224.84K,
08/21/2019,155.45,160.84,160.84,155.36,81.07K,
08/20/2019,155.63,157.07,161.65,155.45,344.69K,
08/19/2019,155.45,157.52,157.52,155.36,239.17K,
08/16/2019,157.43,157.43,161.47,157.43,0.16K,
08/15/2019,157.25,157.25,157.25,156.35,302.78K,
08/13/2019,157.43,163.09,166.14,157.25,854.68K,
08/09/2019,157.97,157.34,163.54,156.35,317.44K,
08/08/2019,157.25,159.94,159.94,157.25,76.77K,
08/07/2019,157.25,154.55,159.94,154.55,159.84K,
08/06/2019,155.18,160.75,160.75,153.65,49.28K,
08/05/2019,160.57,161.74,161.74,160.57,1.31K,
08/02/2019,160.39,159.49,161.74,153.65,187.07K,
08/01/2019,160.84,164.17,165.16,159.94,171.83K,
07/31/2019,165.34,168.48,169.83,164.44,606.32K,
07/30/2019,168.48,168.03,178.81,163.54,374.85K,
07/29/2019,165.16,152.76,168.03,152.76,236.25K,
07/26/2019,152.67,142.15,156.35,141.97,275.30K,
07/25/2019,141.97,136.13,142.87,136.13,209.59K,
07/24/2019,134.96,130.74,135.68,130.29,685.18K,
07/23/2019,130.2,128.76,131.19,128.67,101.06K,
07/22/2019,128.04,130.74,130.74,127.6,49.69K,
07/19/2019,130.2,129.39,130.38,129.39,166.24K,
07/18/2019,128.94,127.69,128.94,127.69,190.27K,
07/17/2019,125.17,123.55,127.6,123.1,372.90K,
07/15/2019,123.28,123.1,123.55,123.1,13.53K,
07/12/2019,122.11,119.51,124.99,119.51,36.42K,
07/11/2019,119.51,120.41,120.41,119.51,32.07K,
07/10/2019,119.96,120.32,120.32,119.87,90.46K,
07/09/2019,120.14,120.23,120.41,119.96,87.14K,
07/08/2019,120.41,120.77,120.77,119.96,8.82K,
07/05/2019,120.41,121.31,121.31,120.32,364.19K,
07/04/2019,121.04,120.41,121.4,120.32,512.48K,
07/03/2019,120.05,120.41,120.41,119.51,116.23K,
07/02/2019,120.41,120.86,120.86,120.32,15.79K,
07/01/2019,120.41,120.86,120.86,120.41,54.50K,
06/28/2019,120.86,120.86,120.86,120.41,0.67K,
06/27/2019,120.41,121.31,121.31,120.41,35.38K,
06/26/2019,120.95,121.31,121.31,120.95,118.52K,
06/25/2019,121.22,121.31,121.31,121.04,52.47K,
06/24/2019,121.13,121.31,121.31,121.04,17.54K,
06/21/2019,121.31,121.31,121.49,120.41,1.48K,
06/20/2019,121.31,122.92,122.92,120.59,57.72K,
06/19/2019,123.1,123.1,124,123.1,112.70K,
06/18/2019,123.55,123.55,124,123.55,35.08K,
06/17/2019,123.91,124.09,125.71,123.55,19.02K,
06/14/2019,123.37,124.45,125.35,122.56,178.97K,
06/13/2019,124,124.9,124.9,122.2,19.48K,
06/12/2019,121.93,124.18,124.9,121.76,9.98K,
06/11/2019,121.76,121.31,122.2,121.31,380.54K,
06/10/2019,121.31,125.8,125.8,118.61,141.31K,
06/07/2019,121.31,121.22,121.31,117.26,18.13K,
06/06/2019,121.31,122.2,122.2,121.22,15.10K,
06/04/2019,122.2,124.9,124.9,122.2,20.92K,
06/03/2019,124.9,125.8,125.8,124.9,45.45K,
05/31/2019,124.72,124.9,130.2,124.72,2.66K,
05/30/2019,124.9,125.89,129.3,124.9,8.00K,
05/29/2019,124.9,126.7,126.7,124.9,5.40K,
05/28/2019,125.08,125.35,125.8,124.9,2.37K,
05/27/2019,125.71,125.8,126.7,125.71,2.65K,
05/24/2019,125.8,126.79,127.6,125.35,13.58K,
05/23/2019,127.6,131.19,131.19,127.42,2.62K,
05/22/2019,127.69,131.19,131.19,127.6,0.67K,
05/21/2019,127.51,130.29,130.29,126.7,123.86K,
05/17/2019,127.24,131.19,131.19,125.8,30.52K,
05/16/2019,130.29,133.89,133.89,128.94,1.02K,
05/15/2019,130.29,132.54,132.99,127.69,19.29K,
05/14/2019,134.42,138.92,138.92,132.99,20.13K,
05/13/2019,141.07,143.77,143.77,138.74,2.80K,
05/10/2019,143.86,148.26,148.26,143.77,2.76K,
05/09/2019,143.86,146.02,148.26,143.77,3.68K,
05/08/2019,147.36,146.47,147.36,144.67,8.27K,
05/07/2019,148.98,151.86,151.86,148.26,14.48K,
05/06/2019,152.76,153.65,153.65,152.67,1.20K,
05/03/2019,152.76,153.65,154.55,152.76,1.94K,
05/02/2019,153.11,153.65,153.65,152.76,39.33K,
04/30/2019,152.76,156.8,156.8,152.76,60.77K,
04/29/2019,157.16,155.45,157.16,155.45,11.50K,
04/26/2019,156.98,155.45,157.25,154.55,10.81K,
04/25/2019,155.45,157.25,157.25,155.09,7.17K,
04/24/2019,157.25,157.25,157.25,156.8,3.03K,
04/23/2019,157.25,159.49,159.49,156.8,1.05K,
04/18/2019,159.49,159.94,159.94,159.49,122.78K,
04/17/2019,160.84,160.84,160.84,160.84,0.11K,
04/16/2019,162.73,158.33,165.34,158.15,1.75K,
04/12/2019,159.05,161.74,161.74,159.05,0.95K,
04/11/2019,159.14,159.05,161.74,159.05,353.72K,
04/10/2019,159.05,159.94,161.74,158.33,0.04K,
04/09/2019,159.05,158.6,161.74,158.6,0.01K,
04/08/2019,159.05,161.65,161.65,158.42,0.60K,
04/05/2019,159.94,161.74,162.19,159.94,565.39K,
04/04/2019,161.83,161.74,162.55,159.94,9.73K,
04/03/2019,159.05,158.24,161.74,158.15,2.87K,
04/02/2019,165.43,158.15,166.05,158.15,2.31K,
04/01/2019,156.98,157.25,166.23,156.35,1.93K,
03/29/2019,154.94,154.94,157.6,154.94,8.28K,
03/28/2019,157.6,154.94,157.6,154.94,8.75K,
03/27/2019,154.14,153.97,154.85,153.88,0.23K,
03/26/2019,154.85,153.7,154.94,153.61,3.88K,
03/25/2019,153.88,154.94,154.94,153.61,2.11K,
03/22/2019,154.59,154.94,154.94,154.5,3.97K,
03/21/2019,155.74,155.65,157.6,154.23,3.88M,
03/19/2019,155.38,154.94,159.28,154.5,4.12K,
03/18/2019,154.94,154.94,159.37,154.59,74.10K,
03/15/2019,154.76,154.94,154.94,154.05,14.15K,
03/14/2019,154.94,154.94,154.94,154.14,27.49K,
03/13/2019,154.94,157.77,159.37,154.05,23.20K,
03/12/2019,159.28,159.63,159.63,156.8,1.60K,
03/11/2019,159.37,167.78,167.78,157.6,25.20K,
03/08/2019,166.01,167.69,167.69,165.56,1.07K,
03/07/2019,167.78,168.22,168.22,166.45,61.10K,
03/06/2019,168.22,169.02,169.02,168.22,18.51K,
03/05/2019,168.22,171.32,171.32,164.68,16.27K,
03/01/2019,168.22,171.76,171.76,168.22,7.05K,
02/28/2019,171.76,172.65,172.65,170.96,2.05K,
02/27/2019,172.65,175.21,175.21,172.65,9.26K,
02/26/2019,174.51,175.3,175.3,174.42,6.74K,
02/25/2019,175.3,176.19,176.19,175.21,2.39K,
02/22/2019,176.19,176.19,177.07,175.57,63.06K,
02/21/2019,177.07,178.14,178.22,176.99,36.64K,
02/20/2019,178.84,178.93,179.29,178.84,1.94K,
02/18/2019,179.11,181.5,181.5,178.93,0.86K,
02/15/2019,179.82,181.32,181.32,179.73,1.79K,
02/14/2019,180.62,181.41,181.41,180.62,10.05K,
02/13/2019,180.62,180.62,180.7,180.62,0.01K,
02/12/2019,180.62,181.5,181.5,180.62,449.43K,
02/11/2019,181.06,181.5,181.5,181.06,1.70M,
02/08/2019,181.06,181.06,181.06,179.82,1.83K,
02/07/2019,179.82,179.73,181.06,179.73,0.14K,
02/06/2019,179.73,180.62,180.62,179.29,149.29K,
02/05/2019,181.06,181.41,181.5,180.62,6.23K,
02/01/2019,180.88,181.5,181.5,180.62,2.91K,
01/31/2019,181.5,182.39,182.39,181.5,2.00K,
01/30/2019,181.77,181.41,182.39,180.62,18.44K,
01/29/2019,181.41,181.5,181.5,179.82,8.76K,
01/28/2019,177.34,181.5,181.5,177.16,10.72K,
01/25/2019,181.68,182.39,182.39,181.5,2.09K,
01/24/2019,182.12,182.39,182.39,181.85,3.05K,
01/23/2019,182.39,182.39,183.27,182.39,0.61K,
01/22/2019,182.3,182.03,185.04,181.94,175.22K,
01/21/2019,182.3,185.04,185.04,181.94,2.59K,
01/18/2019,181.85,184.16,185.93,181.5,1.57K,
01/17/2019,181.5,181.5,181.5,181.5,0.33K,
01/16/2019,181.5,182.39,182.39,181.5,3.57K,
01/14/2019,181.5,184.16,185.93,179.73,2.51K,
01/11/2019,181.5,180.17,184.16,180.17,54.46K,
01/10/2019,180.62,179.82,180.7,179.73,38.50K,
01/09/2019,180.08,180.08,180.62,179.73,325.24K,
01/08/2019,180.62,181.5,181.5,180.08,345.76K,
01/07/2019,181.5,185.93,185.93,181.5,45.23K,
01/04/2019,184.16,181.68,185.04,181.5,6.98K,
01/03/2019,181.5,183.27,185.04,181.5,529.41K,
01/02/2019,184.6,188.58,190.27,184.16,26.83K,
